CustomerID,FName,LName,IDCard,Gender,BirthDay,Nationality,Mobile,Email,Address,InsuranceID,CreatedAt
84,Rebecca,Shercliff,08-277-9263,F,8/30/1955,Armenia,95808682,rshercliff2b@ucsd.edu,9 Anthes Road,405233,2021-05-15T00:44:55Z
18,Irvine,Caldayrou,56-481-9884,M,1/6/1963,Philippines,60768898,icaldayrouh@ucla.edu,7 Carioca Alley,677227,2021-07-28T13:54:34Z
75,Antonino,Fish,39-248-0276,M,9/18/1982,Czech Republic,64218997,afish22@shutterfly.com,453 Mesta Junction,919370,2021-11-04T14:26:48Z
20,Laverna,Kingzett,98-930-6490,F,3/12/2021,Bolivia,91772157,lkingzettj@hud.gov,46 Elka Lane,748907,2021-10-27T10:55:30Z
1,Cherin,Allport,85-742-0537,F,1/13/2007,China,28587812,callport0@unesco.org,8043 Golf Course Alley,896991,2021-09-21T04:56:47Z
87,Fidel,Dalyell,49-077-3539,M,3/15/2001,China,83759338,fdalyell2e@posterous.com,8892 Rockefeller Road,233867,2021-10-17T13:32:19Z
68,Hugh,Hews,78-267-9343,M,2/19/1984,Sri Lanka,83553764,hhews1v@live.com,8 Mitchell Crossing,868710,2021-05-06T21:29:57Z
39,Cristin,Bemrose,62-675-3073,F,12/30/2005,Nigeria,27990794,cbemrose12@reverbnation.com,7534 Reindahl Parkway,146243,2021-07-15T00:55:14Z
42,Teodorico,Upston,46-904-5562,M,5/27/1970,China,97535490,tupston15@nps.gov,0507 Sachs Drive,522492,2021-11-24T02:30:47Z
15,Tatiana,Barraclough,50-584-0339,F,4/10/1951,Madagascar,13365388,tbarracloughe@admin.ch,05551 Forster Park,754527,2021-10-18T06:13:53Z
28,Fannie,Hoofe,29-739-7987,F,1/14/1956,China,48924060,fhoofer@last.fm,71400 Holmberg Way,361195,2021-10-29T02:25:23Z
89,Parry,Birkwood,92-774-7672,M,4/13/1994,Hungary,32012604,pbirkwood2g@cmu.edu,9419 Hanson Road,436328,2021-07-23T16:45:02Z
24,Jesus,Callcott,42-546-1844,M,10/12/1992,Philippines,37507310,jcallcottn@opera.com,4 2nd Street,422183,2021-11-21T13:14:00Z
77,Beniamino,Pauley,00-482-7917,M,7/8/1951,China,19319328,bpauley24@archive.org,9 Monica Circle,601623,2021-05-06T12:11:12Z
37,Dunstan,Bladder,59-336-8268,M,1/7/2004,China,40785928,dbladder10@ted.com,09 Sloan Junction,692320,2021-11-11T03:33:31Z
92,Nixie,Lehrahan,41-660-8929,F,8/6/1950,Canada,21473708,nlehrahan2j@dot.gov,6 Vidon Circle,807728,2021-07-26T22:32:23Z
53,Ruperto,Carrigan,00-815-9198,M,5/13/2020,Portugal,73845893,rcarrigan1g@cafepress.com,60023 Veith Lane,598964,2021-04-30T05:05:51Z
22,Meaghan,Buckland,35-944-4875,F,5/26/1977,Sweden,32176437,mbucklandl@soup.io,5 Hansons Street,353880,2021-07-02T07:41:29Z
35,Worthington,Lockyear,21-072-3009,M,5/12/1981,Philippines,25640815,wlockyeary@so-net.ne.jp,734 Gerald Pass,985456,2021-09-07T19:35:13Z
100,Pearla,Fleet,07-398-9202,F,9/3/2020,Afghanistan,71958060,pfleet2r@smugmug.com,94 Ryan Street,408275,2021-05-12T07:35:21Z
604,Star,Lone,07-398-9201,F,9/3/2021,Myanmar,12345687,starlone@gmail.com,88 Brotherhood Laytent,487750,2021-09-20T15:36:22Z
63,Cozmo,O' Donohue,52-524-9247,M,3/16/1950,Ukraine,54339234,codonohue1q@chron.com,6857 Cambridge Lane,733073,2021-11-01T00:58:33Z
47,Cathrine,Tidman,78-596-0293,F,8/28/1957,Cameroon,30164008,ctidman1a@tinyurl.com,08549 Mockingbird Way,774750,2021-06-28T00:30:36Z
13,Celestina,Caunce,33-504-9427,F,3/14/1968,China,36097741,ccauncec@w3.org,228 Rowland Way,964847,2021-06-09T03:54:30Z
33,Donal,Yusupov,84-099-1107,M,7/9/1955,China,15760768,dyusupovw@bloglines.com,433 Tomscot Avenue,850421,2021-08-01T13:47:02Z
65,Tersina,Skally,87-361-6595,F,12/23/1952,Panama,60068350,tskally1s@japanpost.jp,90786 Crest Line Road,529244,2021-10-25T13:47:07Z
76,Livy,Lamonby,10-909-7877,F,10/30/2007,China,40982977,llamonby23@phpbb.com,3038 Clove Crossing,532996,2021-10-04T20:14:55Z
3,Rafa,Norkett,71-980-8288,F,1/3/1980,Japan,78433424,rnorkett2@homestead.com,68029 Canary Street,908603,2021-08-23T02:34:48Z
34,Antonie,Cadagan,46-253-0772,F,8/8/1979,China,48788670,acadaganx@loc.gov,5 Park Meadow Point,466293,2021-10-10T13:39:15Z
98,Nathanael,Cordingley,92-265-6796,M,12/30/1976,China,88883387,ncordingley2p@facebook.com,85371 Portage Point,657829,2021-09-08T00:51:17Z
46,Joletta,Syfax,00-842-3277,F,6/24/1962,Sweden,65449818,jsyfax19@amazon.co.uk,302 Scott Terrace,448970,2021-09-02T08:48:59Z
44,Natka,Casaletto,00-721-6300,F,6/12/2013,Brazil,80564827,ncasaletto17@statcounter.com,2174 Melrose Crossing,414226,2021-11-06T19:04:12Z
50,Celinka,Albertson,15-275-2853,F,3/3/1974,Brazil,85799253,calbertson1d@statcounter.com,8 East Avenue,236542,2021-04-21T10:02:37Z
52,Bradly,Jaggar,13-469-0543,M,6/20/1988,Indonesia,87585475,bjaggar1f@hibu.com,05 Crowley Drive,159586,2021-10-02T16:43:34Z
48,Blinnie,Tufts,19-658-4167,F,11/12/1983,Philippines,65932435,btufts1b@pcworld.com,50855 Jenifer Point,595382,2021-08-17T10:10:25Z
31,Midge,Clawson,02-603-6257,F,12/2/1949,Indonesia,27268551,mclawsonu@over-blog.com,8 Harper Terrace,891617,2021-10-21T15:12:26Z
32,Datha,Parffrey,36-075-9244,F,1/22/1999,Cape Verde,99304828,dparffreyv@tumblr.com,99046 Tomscot Pass,921807,2021-09-13T16:03:04Z
64,Colene,Starie,64-924-3245,F,6/27/1965,Bhutan,23117207,cstarie1r@google.cn,96 Lakewood Avenue,373180,2021-08-22T07:33:39Z
45,Essie,Juden,31-282-2413,F,1/11/1994,Portugal,40277604,ejuden18@bandcamp.com,1 Lawn Hill,152434,2021-11-23T17:22:36Z
57,Binky,Dwelley,28-398-0902,M,1/14/2007,Indonesia,21558614,bdwelley1k@51.la,54 Prentice Parkway,884379,2021-08-10T03:59:47Z
74,Sydel,McLaine,27-133-8219,F,7/14/2000,Greece,58573267,smclaine21@latimes.com,7751 Algoma Drive,291116,2021-11-07T19:59:35Z
94,Ransom,Nardi,74-800-0578,M,9/27/1949,Yemen,54767187,rnardi2l@addthis.com,33192 Warner Pass,800328,2021-05-30T15:44:19Z
80,Lennard,Bittleson,77-441-1865,M,11/11/1951,Indonesia,58328411,lbittleson27@amazon.com,36 Sherman Circle,335368,2021-09-04T16:56:32Z
10,Jordan,Van Velden,63-021-8505,M,1/12/2000,Yemen,92045454,jvanvelden9@oracle.com,620 Lunder Circle,175172,2021-06-26T22:08:00Z
7,Ilsa,Lowth,13-270-9797,F,4/13/1985,China,77307223,ilowth6@dagondesign.com,7138 Express Park,785452,2021-05-15T10:53:39Z
67,Lee,Schoffel,45-912-0951,F,11/15/2000,China,93428314,lschoffel1u@admin.ch,6 Dexter Park,979269,2021-09-24T05:50:11Z
71,Jeromy,Bonnavant,12-358-4065,M,4/19/2006,China,35775836,jbonnavant1y@bandcamp.com,82869 Lakeland Parkway,353656,2021-06-27T18:37:58Z
25,Aimil,Paolazzi,56-503-4813,F,10/13/1951,Indonesia,37708903,apaolazzio@storify.com,3561 Erie Drive,976468,2021-11-09T21:46:34Z
40,Kathlin,Chazelle,37-585-8997,F,6/7/1990,United States,54788326,kchazelle13@seattletimes.com,189 Old Gate Crossing,866606,2021-08-16T03:50:06Z
5,Kyle,Thurstance,93-974-4987,M,5/9/1954,Nigeria,43960494,kthurstance4@godaddy.com,4740 Lindbergh Crossing,969692,2021-04-29T11:59:13Z
17,Batholomew,Tregaskis,78-454-0085,M,4/6/1962,Philippines,78760541,btregaskisg@google.co.jp,03 Tennessee Point,554389,2021-07-10T15:10:37Z
51,Hillary,Banton,35-411-7488,M,9/18/1992,China,93850448,hbanton1e@google.com.hk,40262 Oneill Street,268141,2021-07-29T20:50:50Z
81,Rozella,Jobson,72-288-7286,F,3/28/1991,Indonesia,95028513,rjobson28@chron.com,360 Veith Street,204907,2021-08-20T18:43:53Z
43,Lazaro,Grass,25-133-2756,M,12/25/1987,Mexico,99947513,lgrass16@booking.com,62592 Derek Parkway,297908,2021-06-24T19:32:23Z
30,Beatrice,Chaffey,33-853-9158,F,11/21/1950,Russia,86388910,bchaffeyt@google.nl,52 Morningstar Plaza,775380,2021-10-08T13:57:31Z
88,Zaria,Steere,57-282-8875,F,8/20/1975,Tajikistan,39715454,zsteere2f@flickr.com,9 Golf View Street,282674,2021-06-10T14:37:46Z
90,Frederico,Soppeth,99-108-0168,M,4/6/1993,China,98755578,fsoppeth2h@europa.eu,2853 Artisan Parkway,833711,2021-10-16T14:10:17Z
95,Adi,Bonney,34-522-1492,F,3/14/1975,Nicaragua,61669154,abonney2m@bizjournals.com,7178 Dennis Circle,991934,2021-08-01T15:17:07Z
56,Fredra,Divill,77-617-1718,F,1/27/1951,Indonesia,14333910,fdivill1j@ucoz.ru,66229 Annamark Parkway,558437,2021-05-05T11:57:00Z
96,Ilysa,Trim,64-581-8834,F,6/11/1974,Indonesia,96813007,itrim2n@biblegateway.com,0 Monica Court,292242,2021-10-03T19:21:20Z
19,Wald,Gambrell,40-491-5442,M,10/3/1997,Indonesia,32173280,wgambrelli@e-recht24.de,90 Truax Park,300538,2021-10-20T22:36:03Z
73,Flora,Laurens,20-727-7756,F,2/18/1985,Brazil,92550033,flaurens20@google.ca,290 Haas Trail,925685,2021-04-30T09:33:57Z
26,Travers,Pioli,83-820-4736,M,4/4/1983,Brazil,63526605,tpiolip@umich.edu,8 Canary Terrace,644608,2021-10-23T09:46:36Z
4,Nerty,Goldson,08-949-6089,F,1/10/1998,China,51392373,ngoldson3@usda.gov,6694 Raven Alley,951556,2021-06-22T07:30:58Z
8,Kore,Graddon,00-059-0652,F,5/21/1956,Portugal,95966726,kgraddon7@surveymonkey.com,4379 Dryden Way,234251,2021-09-10T10:22:30Z
58,Tybi,Stuffins,74-173-6159,F,9/11/1970,Thailand,44927627,tstuffins1l@addthis.com,717 Stuart Avenue,138319,2021-06-01T22:38:35Z
55,Marga,Safe,66-516-2867,F,8/29/1983,China,20333822,msafe1i@moonfruit.com,4115 Cascade Point,462444,2021-11-09T09:49:23Z
70,Winifield,Aries,57-785-7911,M,5/24/1988,France,34329542,waries1x@woothemes.com,368 Pawling Lane,434271,2021-06-15T13:43:54Z
91,Fidelia,Pountain,64-523-2663,F,11/27/1996,Ireland,71506647,fpountain2i@addtoany.com,6 Sloan Avenue,342805,2021-04-24T00:21:51Z
54,Andres,Catt,67-994-9314,M,9/16/1977,China,60647052,acatt1h@hexun.com,40400 Forster Crossing,817752,2021-07-14T16:05:10Z
2,Maximilian,MacCauley,87-637-5827,M,1/31/1977,Syria,57384986,mmaccauley1@prlog.org,408 Arizona Parkway,814135,2021-06-28T11:54:48Z
27,Denise,Ingledow,73-223-3338,F,11/21/2018,Vietnam,69064193,dingledowq@smugmug.com,0 Lerdahl Pass,330241,2021-11-24T13:18:03Z
49,Seumas,Simenel,39-505-8142,M,7/4/1973,Vietnam,67817864,ssimenel1c@hatena.ne.jp,29710 Butterfield Court,473610,2021-06-30T05:53:12Z
99,Bear,Lammin,92-378-5355,M,6/11/1959,Russia,48384604,blammin2q@ow.ly,29101 Oak Valley Junction,906878,2021-04-27T15:42:36Z
14,Rosemary,Crush,02-987-6933,F,10/19/2016,South Africa,56626632,rcrushd@nytimes.com,7 Vera Hill,737104,2021-05-12T07:32:18Z
59,Shawn,Crossgrove,61-775-0717,M,7/2/1953,China,52966531,scrossgrove1m@vimeo.com,7871 Carberry Circle,979138,2021-08-24T00:49:42Z
6,Tilly,Bedow,70-083-5233,F,7/30/1968,Netherlands,72891535,tbedow5@altervista.org,85505 Westridge Hill,779114,2021-10-17T06:53:39Z
69,Eilis,Oldman,48-732-1074,F,10/13/1993,Philippines,20854331,eoldman1w@bbc.co.uk,4680 Rutledge Way,415139,2021-05-02T01:27:52Z
23,Dwayne,Penton,95-515-0568,M,6/20/2014,Armenia,43228692,dpentonm@army.mil,94 Fisk Terrace,846101,2021-11-13T14:36:44Z
29,Masha,Braunds,85-433-8581,F,6/25/1956,Indonesia,73578619,mbraundss@acquirethisname.com,17743 Cordelia Street,477645,2021-07-31T13:13:51Z
60,Jessie,Rangle,21-570-2842,F,9/11/1973,Serbia,67920591,jrangle1n@marriott.com,68762 Fieldstone Center,509554,2021-07-22T22:13:44Z
11,Hesther,Warlock,49-295-5250,F,12/31/2009,Argentina,14190365,hwarlocka@google.fr,492 Tony Drive,675459,2021-09-29T05:22:34Z
79,Michal,MacCleay,40-334-2066,F,12/21/2015,Sweden,67362647,mmaccleay26@wunderground.com,7726 Scott Parkway,588298,2021-08-13T00:53:23Z
82,Shannah,Zamorano,18-988-3594,F,9/19/1951,Ukraine,17302003,szamorano29@pinterest.com,145 Northport Way,913414,2021-10-07T15:50:26Z
62,Leslie,Fassmann,44-016-7379,M,1/4/1954,Brazil,13773635,lfassmann1p@ehow.com,610 Fuller Alley,777810,2021-11-16T21:36:19Z
83,Pierson,Espadas,52-482-8950,M,5/7/1946,Guatemala,52044344,pespadas2a@twitpic.com,8789 Monument Park,201819,2021-07-28T08:19:59Z
36,Desdemona,Smitham,40-409-6323,F,10/30/2016,Croatia,59554856,dsmithamz@bloomberg.com,97 Daystar Lane,431683,2021-11-18T22:04:04Z
85,Gregorio,Phelipeau,52-956-8418,M,10/31/2015,Philippines,37794896,gphelipeau2c@aboutads.info,6 Pennsylvania Avenue,267668,2021-11-26T09:17:01Z
9,Rayshell,Lyfe,03-595-8629,F,9/3/1955,Indonesia,95730215,rlyfe8@sitemeter.com,19 Lyons Way,188907,2021-09-25T22:24:28Z
38,Devlen,Sutheran,22-888-9006,M,8/20/1991,Morocco,36235054,dsutheran11@auda.org.au,99 Mitchell Alley,474187,2021-09-30T22:58:07Z
78,Isidro,Markie,59-597-8769,M,10/14/1965,Japan,43830690,imarkie25@barnesandnoble.com,1 Merry Junction,531585,2021-10-07T23:38:25Z
61,Kelbee,Stonehouse,82-727-7987,M,6/13/1952,Belarus,93833451,kstonehouse1o@wikipedia.org,2555 Center Point,185988,2021-07-02T02:52:38Z
93,Dana,Culwen,24-349-6696,F,12/27/2002,Bolivia,72692957,dculwen2k@mediafire.com,159 Orin Trail,789397,2021-04-23T04:24:12Z
12,Caz,Yegorev,91-275-1778,M,4/8/1961,Indonesia,13956819,cyegorevb@smh.com.au,73 Swallow Crossing,216309,2021-07-19T05:36:47Z
97,Violante,Chessun,51-747-8883,F,12/3/1988,United States,35813998,vchessun2o@nps.gov,0539 Golden Leaf Hill,641363,2021-07-17T19:19:17Z
86,Celene,Lightfoot,08-089-0895,F,9/23/1995,Denmark,61964456,clightfoot2d@de.vu,8 Lakewood Gardens Alley,425822,2021-07-09T04:08:35Z
16,Brigida,Daintry,50-862-9192,F,9/15/2010,Peru,75818842,bdaintryf@list-manage.com,2 Cambridge Pass,109450,2021-11-12T04:15:58Z
41,Aldous,Orchart,76-248-3596,M,2/27/1967,China,39228815,aorchart14@icq.com,1 Dapin Crossing,771582,2021-05-21T13:47:59Z
72,Holden,Coatham,03-028-2590,M,8/17/1975,Slovenia,11822404,hcoatham1z@scribd.com,1900 Nelson Avenue,905979,2021-07-04T07:21:31Z
66,Oliy,Wheatley,97-394-3017,F,5/20/1956,Honduras,65897851,owheatley1t@ebay.com,941 Algoma Avenue,831377,2021-10-05T10:01:13Z
21,Butch,Spurdens,29-148-0004,M,3/26/1956,China,35322276,bspurdensk@cbc.ca,526 Ridge Oak Street,418611,2021-07-16T17:40:48Z
